{
  "hash": "b521aa9a",
  "configHash": "e7307818",
  "lockfileHash": "9c48ae64",
  "browserHash": "07f853f9",
  "optimized": {
    "@angular/core": {
      "src": "../../../../../node_modules/@angular/core/fesm2022/core.mjs",
      "file": "@angular_core.js",
      "fileHash": "bb41b519",
      "needsInterop": false
    },
    "@angular/forms": {
      "src": "../../../../../node_modules/@angular/forms/fesm2022/forms.mjs",
      "file": "@angular_forms.js",
      "fileHash": "677e316a",
      "needsInterop": false
    },
    "@angular/platform-browser": {
      "src": "../../../../../node_modules/@angular/platform-browser/fesm2022/platform-browser.mjs",
      "file": "@angular_platform-browser.js",
      "fileHash": "3b3f68ac",
      "needsInterop": false
    },
    "@angular/router": {
      "src": "../../../../../node_modules/@angular/router/fesm2022/router.mjs",
      "file": "@angular_router.js",
      "fileHash": "aac6d7da",
      "needsInterop": false
    },
    "@angular/common": {
      "src": "../../../../../node_modules/@angular/common/fesm2022/common.mjs",
      "file": "@angular_common.js",
      "fileHash": "fd05caf8",
      "needsInterop": false
    }
  },
  "chunks": {
    "chunk-FAMQYE6H": {
      "file": "chunk-FAMQYE6H.js"
    },
    "chunk-CLFKRVZH": {
      "file": "chunk-CLFKRVZH.js"
    },
    "chunk-XHMXEJF3": {
      "file": "chunk-XHMXEJF3.js"
    }
  }
}